{
  "mappings": {
    "monkey/lumpy/horse/stats/vanilla/mixin/client/AbstractDonkeyEntityMixin": {
      "interactMob": "Lnet/minecraft/class_1492;method_5992(Lnet/minecraft/class_1657;Lnet/minecraft/class_1268;)Lnet/minecraft/class_1269;"
    },
    "monkey/lumpy/horse/stats/vanilla/mixin/client/HorseEntityMixin": {
      "interactMob": "Lnet/minecraft/class_1498;method_5992(Lnet/minecraft/class_1657;Lnet/minecraft/class_1268;)Lnet/minecraft/class_1269;"
    }
  },
  "data": {
    "named:intermediary": {
      "monkey/lumpy/horse/stats/vanilla/mixin/client/AbstractDonkeyEntityMixin": {
        "interactMob": "Lnet/minecraft/class_1492;method_5992(Lnet/minecraft/class_1657;Lnet/minecraft/class_1268;)Lnet/minecraft/class_1269;"
      },
      "monkey/lumpy/horse/stats/vanilla/mixin/client/HorseEntityMixin": {
        "interactMob": "Lnet/minecraft/class_1498;method_5992(Lnet/minecraft/class_1657;Lnet/minecraft/class_1268;)Lnet/minecraft/class_1269;"
      }
    }
  }
}