{
  "schemaVersion": 1,
  "id": "horsestatsvanilla",
  "version": "4.8.0",
  "name": "Horse Stats Vanilla",
  "description": "Shows horse stats in the horse inventory.",
  "authors": [
    "lumpyMonkey"
  ],
  "contact": {
    "homepage": "https://www.curseforge.com/minecraft/mc-mods/horsestatsvanilla",
    "sources": "https://github.com/d4rkm0nkey/HorseStatsVanilla",
    "issues": "https://github.com/d4rkm0nkey/HorseStatsVanilla/issues"
  },
  "license": "CC0-1.0",
  "icon": "assets/horsestatsvanilla/icon.png",
  "environment": "client",
  "entrypoints": {
    "client": [
      "monkey.lumpy.horse.stats.vanilla.HorseStatsVanillaClient"
    ],
    "modmenu": [
      "monkey.lumpy.horse.stats.vanilla.ModMenuApiImpl"
    ]
  },
  "mixins": [
    {
      "config": "horsestatsvanilla.client.mixins.json",
      "environment": "client"
    }
  ],
  "depends": {
    "fabricloader": "\u003e\u003d0.16.9",
    "java": "\u003e\u003d21",
    "minecraft": "\u003e\u003d1.21.3",
    "fabric-api": "*"
  },
  "suggests": {
    "flamingo": "*"
  },
  "jars": [
    {
      "file": "META-INF/jars/cloth-config-fabric-16.0.141-fabric.jar"
    },
    {
      "file": "META-INF/jars/LibGui-12.0.0+1.21.3.jar"
    }
  ]
}